{
  "name": "Bio 官方生态",
  "version": "1.0.0",
  "updated": "2026-01-26",
  "icon": "../logos/logo-256.webp",
  "apps": [
    {
      "id": "xin.dweb.biobridge",
      "name": "跨链通",
      "description": "BioBridge - 跨链资产桥接，支持充值和赎回",
      "longDescription": "跨链通 (BioBridge) 是 Bio 生态的跨链桥接工具，支持外链资产与内链资产的双向兑换。\n\n## 功能\n- **充值**: 将 ETH/BSC/TRON 等外链资产转换为 Bio 生态内的 Token\n- **赎回**: 将 Bio 生态内的 Token 转换回外链资产\n\n## 支持的链\n- Ethereum (ETH)\n- BNB Chain (BSC)\n- Tron (TRON)\n- BFMeta / BFChain / PMC",
      "icon": "./forge/icon.svg",
      "version": "1.0.0",
      "author": "Bio Team",
      "website": "https://bridge.dweb.xin",
      "category": "exchange",
      "tags": [
        "跨链桥",
        "充值",
        "赎回",
        "DeFi",
        "兑换"
      ],
      "permissions": [
        "bio_requestAccounts",
        "bio_selectAccount",
        "bio_createTransaction",
        "bio_signTransaction",
        "bio_signMessage"
      ],
      "chains": [
        "ethereum",
        "bsc",
        "tron",
        "bfmeta",
        "bfchain",
        "pmchain"
      ],
      "officialScore": 80,
      "communityScore": 90,
      "screenshots": [],
      "publishedAt": "2024-12-15",
      "updatedAt": "2026-01-12",
      "beta": false,
      "themeColor": "from-blue-800 via-purple-900 to-indigo-950",
      "themeColorFrom": "#1e40af",
      "splashScreen": true,
      "dirName": "forge",
      "url": "./forge/",
      "runtime": "wujie"
    },
    {
      "id": "xin.dweb.teleport",
      "name": "一键传送",
      "description": "跨钱包资产转移，将资产从一个地址安全转移到另一个地址",
      "longDescription": "一键传送是 Bio 生态的核心工具，支持在多条链之间安全转移资产。\n\n## 功能特点\n- 支持多链资产转移\n- 安全的签名机制\n- 实时交易状态追踪",
      "icon": "./teleport/icon.svg",
      "version": "0.1.0",
      "author": "Bio Team",
      "website": "https://teleport.dweb.xin",
      "category": "tools",
      "tags": [
        "转账",
        "跨链",
        "资产管理"
      ],
      "permissions": [
        "bio_selectAccount",
        "bio_pickWallet",
        "bio_getBalance",
        "bio_createTransaction",
        "bio_signTransaction"
      ],
      "chains": [
        "bfmeta",
        "bfchainv2",
        "biwmeta",
        "ccchain",
        "pmchain"
      ],
      "officialScore": 90,
      "communityScore": 80,
      "screenshots": [
        "./teleport/screenshots/teleport-01-connect.png",
        "./teleport/screenshots/teleport-02-connect-dark.png"
      ],
      "publishedAt": "2024-12-01",
      "updatedAt": "2024-12-28",
      "beta": false,
      "themeColor": "from-indigo-800 via-purple-900 to-violet-950",
      "themeColorFrom": "#3730a3",
      "splashScreen": true,
      "dirName": "teleport",
      "url": "./teleport/",
      "runtime": "wujie"
    },
    {
      "id": "xin.dweb.rwahub",
      "name": "RWA Hub",
      "description": "RWA 资产管理中心，支持 RWA 资产的查看、交易和管理",
      "longDescription": "BFM RWA Hub 是一个综合性的 RWA（真实世界资产）管理平台。\n\n## 功能特点\n- RWA 资产查看和管理\n- 资产交易功能\n- 授权签名支持",
      "icon": "https://source.dwebdapp.com/dweb-browser-apps/dweb-app-assets/rwahub/logo.png",
      "version": "1.1.30",
      "author": "Bioforest Chain",
      "website": "https://rwahub.dweb.xin",
      "category": "tools",
      "tags": [
        "RWA",
        "资产管理",
        "交易"
      ],
      "permissions": [
        "bio_requestAccounts",
        "bio_selectAccount",
        "bio_pickWallet",
        "bio_signMessage",
        "bio_sendTransaction",
        "bio_requestCryptoToken",
        "bio_cryptoExecute"
      ],
      "chains": [
        "bfmeta"
      ],
      "officialScore": 80,
      "communityScore": 70,
      "screenshots": [],
      "publishedAt": "2026-01-21",
      "updatedAt": "2026-01-21",
      "beta": true,
      "themeColor": "from-cyan-800 via-blue-900 to-indigo-950",
      "themeColorFrom": "#0e7490",
      "splashScreen": true,
      "dirName": "rwa-hub",
      "_zipEtag": "\"6971476e-4a072a\"",
      "url": "./rwa-hub/",
      "runtime": "wujie",
      "wujieConfig": {
        "rewriteAbsolutePaths": true
      }
    }
  ]
}